Key,EN Length,BG Length,Max Length,Bucket,Status,EN Text Preview,BG Text Preview,Ratio
"app.title",12,12,12,"0-30","OK","PawfectMatch","PawfectMatch",1.00
"app.tagline",33,28,33,"31-60","OK","AI-Powered Pet Companion Matching","AI –ü–æ–¥–±–æ—Ä –Ω–∞ –î–æ–º–∞—à–Ω–∏ –õ—é–±–∏–º—Ü–∏",0.85
"nav.discover",8,9,9,"0-30","OK","Discover","–û—Ç–∫—Ä–∏–≤–∞–Ω–µ",1.13
"nav.matches",7,10,10,"0-30","OK","Matches","–°—ä–≤–ø–∞–¥–µ–Ω–∏—è",1.43
"nav.map",3,5,5,"0-30","OK","Map","–ö–∞—Ä—Ç–∞",1.67
"nav.chat",4,3,4,"0-30","OK","Chat","–ß–∞—Ç",0.75
"nav.community",9,7,9,"0-30","OK","Community","–û–±—â–Ω–æ—Å—Ç",0.78
"nav.adoption",5,11,11,"0-30","OK","Adopt","–û—Å–∏–Ω–æ–≤—è–≤–∞–Ω–µ",2.20
"nav.profile",7,6,7,"0-30","OK","Profile","–ü—Ä–æ—Ñ–∏–ª",0.86
"discover.title",24,33,33,"31-60","OK","Discover Perfect Matches","–û—Ç–∫—Ä–∏–≤–∞–Ω–µ –Ω–∞ –ü–µ—Ä—Ñ–µ–∫—Ç–Ω–∏ –°—ä–≤–ø–∞–¥–µ–Ω–∏—è",1.38
"discover.subtitle",30,31,31,"31-60","OK","Find compatible companions for","–ù–∞–º–µ—Ä–µ—Ç–µ —Å—ä–≤–º–µ—Å—Ç–∏–º–∏ —Å–ø—ä—Ç–Ω–∏—Ü–∏ –∑–∞",1.03
"discover.createProfile",25,32,32,"31-60","OK","Create Your Pet's Profile","–°—ä–∑–¥–∞–π—Ç–µ –ü—Ä–æ—Ñ–∏–ª –Ω–∞ –í–∞—à–∏—è –õ—é–±–∏–º–µ—Ü",1.28
"discover.createProfileDesc",72,78,78,"61-120","WARNING","Start matching by creating a profile for your pet ...","–ó–∞–ø–æ—á–Ω–µ—Ç–µ —Å—ä–≤–ø–∞–¥–µ–Ω–∏—è, –∫–∞—Ç–æ —Å—ä–∑–¥–∞–¥–µ—Ç–µ –ø—Ä–æ—Ñ–∏–ª –∑–∞ –≤–∞—à...",1.08
"discover.noMore",24,32,32,"31-60","OK","No More Pets to Discover","–ù—è–º–∞ –ü–æ–≤–µ—á–µ –õ—é–±–∏–º—Ü–∏ –∑–∞ –û—Ç–∫—Ä–∏–≤–∞–Ω–µ",1.33
"discover.noMoreDesc",44,52,52,"31-60","OK","Check back later for more potential matches!","–ü—Ä–æ–≤–µ—Ä–µ—Ç–µ –ø–æ-–∫—ä—Å–Ω–æ –∑–∞ –ø–æ–≤–µ—á–µ –ø–æ—Ç–µ–Ω—Ü–∏–∞–ª–Ω–∏ —Å—ä–≤–ø–∞–¥–µ–Ω–∏...",1.18
"discover.noMoreDescAdjust",57,79,79,"61-120","WARNING","Try adjusting your filters to see more potential m...","–û–ø–∏—Ç–∞–π—Ç–µ –¥–∞ –∫–æ—Ä–∏–≥–∏—Ä–∞—Ç–µ —Ñ–∏–ª—Ç—Ä–∏—Ç–µ —Å–∏, –∑–∞ –¥–∞ –≤–∏–¥–∏—Ç–µ –ø...",1.39
"discover.filters",7,6,7,"0-30","OK","Filters","–§–∏–ª—Ç—Ä–∏",0.86
"discover.analyzePhoto",17,19,19,"0-30","OK","AI Photo Analysis","AI –ê–Ω–∞–ª–∏–∑ –Ω–∞ –°–Ω–∏–º–∫–∞",1.12
"discover.compatibility",13,12,13,"0-30","OK","Compatibility","–°—ä–≤–º–µ—Å—Ç–∏–º–æ—Å—Ç",0.92
"discover.viewDetails",12,13,13,"0-30","OK","View Details","–í–∏–∂—Ç–µ –î–µ—Ç–∞–π–ª–∏",1.08
"discover.skip",4,8,8,"0-30","OK","Skip","–ü—Ä–æ–ø—É—Å–Ω–∏",2.00
"discover.like",4,7,7,"0-30","OK","Like","–•–∞—Ä–µ—Å–∞–π",1.75
"discover.pass",4,8,8,"0-30","OK","Pass","–ü—Ä–µ—Å–∫–æ—á–∏",2.00
"discover.match",5,10,10,"0-30","OK","Match","–°—ä–≤–ø–∞–¥–µ–Ω–∏–µ",2.00
"discover.about",5,2,5,"0-30","OK","ABOUT","–ó–ê",0.40
"discover.whyMatch",16,19,19,"0-30","OK","WHY YOU'LL MATCH","–ó–ê–©–û –©–ï –°–ï –•–ê–†–ï–°–ê–¢–ï",1.19
"discover.personality",11,7,11,"0-30","OK","PERSONALITY","–õ–ò–ß–ù–û–°–¢",0.64
"discover.swipeHintPass",4,8,8,"0-30","OK","Pass","–ü—Ä–µ—Å–∫–æ—á–∏",2.00
"discover.swipeHintLike",4,7,7,"0-30","OK","Like","–•–∞—Ä–µ—Å–∞–π",1.75
"matches.title",12,17,17,"0-30","OK","Your Matches","–í–∞—à–∏—Ç–µ –°—ä–≤–ø–∞–¥–µ–Ω–∏—è",1.42
"matches.subtitle",17,17,17,"0-30","OK","perfect companion","–ø–µ—Ä—Ñ–µ–∫—Ç–µ–Ω —Å–ø—ä—Ç–Ω–∏–∫",1.00
"matches.subtitlePlural",24,27,27,"0-30","OK","perfect companions found","–ø–µ—Ä—Ñ–µ–∫—Ç–Ω–∏ —Å–ø—ä—Ç–Ω–∏—Ü–∏ –Ω–∞–º–µ—Ä–µ–Ω–∏",1.13
"matches.noMatches",14,23,23,"0-30","OK","No Matches Yet","–í—Å–µ –û—â–µ –ù—è–º–∞ –°—ä–≤–ø–∞–¥–µ–Ω–∏—è",1.64
"matches.noMatchesDesc",65,81,81,"61-120","WARNING","Start swiping in the Discover section to find perf...","–ó–∞–ø–æ—á–Ω–µ—Ç–µ –¥–∞ –ø—Ä–µ–≥–ª–µ–∂–¥–∞—Ç–µ –≤ —Å–µ–∫—Ü–∏—è—Ç–∞ –û—Ç–∫—Ä–∏–≤–∞–Ω–µ, –∑–∞ ...",1.25
"matches.startChat",14,13,14,"0-30","OK","Start Chatting","–ó–∞–ø–æ—á–Ω–µ—Ç–µ –ß–∞—Ç",0.93
"matches.viewProfile",12,12,12,"0-30","OK","View Profile","–í–∏–∂—Ç–µ –ü—Ä–æ—Ñ–∏–ª",1.00
"matches.compatibility",13,12,13,"0-30","OK","Compatibility","–°—ä–≤–º–µ—Å—Ç–∏–º–æ—Å—Ç",0.92
"matches.whyMatched",15,17,17,"0-30","OK","WHY YOU MATCHED","–ó–ê–©–û –°–ï –•–ê–†–ï–°–ê–•–¢–ï",1.13
"matches.compatibilityWith",18,14,18,"0-30","OK","Compatibility with","–°—ä–≤–º–µ—Å—Ç–∏–º–æ—Å—Ç —Å",0.78
"chat.title",8,9,9,"0-30","OK","Messages","–°—ä–æ–±—â–µ–Ω–∏—è",1.13
"chat.subtitle",12,8,12,"0-30","OK","conversation","—Ä–∞–∑–≥–æ–≤–æ—Ä",0.67
"chat.subtitlePlural",13,9,13,"0-30","OK","conversations","—Ä–∞–∑–≥–æ–≤–æ—Ä–∞",0.69
"chat.noChats",20,22,22,"0-30","OK","No conversations yet","–í—Å–µ –æ—â–µ –Ω—è–º–∞ —Ä–∞–∑–≥–æ–≤–æ—Ä–∏",1.10
"chat.noChatsDesc",34,41,41,"31-60","OK","Match with pets to start chatting!","–ù–∞–º–µ—Ä–µ—Ç–µ —Å—ä–≤–ø–∞–¥–µ–Ω–∏—è, –∑–∞ –¥–∞ –∑–∞–ø–æ—á–Ω–µ—Ç–µ —á–∞—Ç!",1.21
"chat.createProfile",23,32,32,"31-60","OK","Create Your Pet Profile","–°—ä–∑–¥–∞–π—Ç–µ –ü—Ä–æ—Ñ–∏–ª –Ω–∞ –í–∞—à–∏—è –õ—é–±–∏–º–µ—Ü",1.39
"chat.createProfileDesc",52,69,69,"61-120","WARNING","Create a pet profile to start chatting with matche...","–°—ä–∑–¥–∞–π—Ç–µ –ø—Ä–æ—Ñ–∏–ª –Ω–∞ –ª—é–±–∏–º–µ—Ü, –∑–∞ –¥–∞ –∑–∞–ø–æ—á–Ω–µ—Ç–µ –¥–∞ —á–∞—Ç...",1.33
"chat.selectConversation",21,17,21,"0-30","OK","Select a conversation","–ò–∑–±–µ—Ä–µ—Ç–µ —Ä–∞–∑–≥–æ–≤–æ—Ä",0.81
"chat.selectConversationDesc",32,40,40,"31-60","OK","Choose a match to start chatting","–ò–∑–±–µ—Ä–µ—Ç–µ —Å—ä–≤–ø–∞–¥–µ–Ω–∏–µ, –∑–∞ –¥–∞ –∑–∞–ø–æ—á–Ω–µ—Ç–µ —á–∞—Ç",1.25
"chat.typeMessage",17,21,21,"0-30","OK","Type a message...","–ù–∞–ø–∏—à–µ—Ç–µ —Å—ä–æ–±—â–µ–Ω–∏–µ...",1.24
"chat.send",4,7,7,"0-30","OK","Send","–ò–∑–ø—Ä–∞—Ç–∏",1.75
"chat.stickers",8,7,8,"0-30","OK","Stickers","–°—Ç–∏–∫–µ—Ä–∏",0.88
"chat.typing",9,7,9,"0-30","OK","typing...","–ø–∏—à–µ...",0.78
"chat.online",6,6,6,"0-30","OK","Online","–û–Ω–ª–∞–π–Ω",1.00
"chat.offline",7,6,7,"0-30","OK","Offline","–û—Ñ–ª–∞–π–Ω",0.86
"profile.title",12,13,13,"0-30","OK","Your Profile","–í–∞—à–∏—è—Ç –ü—Ä–æ—Ñ–∏–ª",1.08
"profile.subtitle",7,6,7,"0-30","OK","profile","–ø—Ä–æ—Ñ–∏–ª",0.86
"profile.subtitlePlural",8,7,8,"0-30","OK","profiles","–ø—Ä–æ—Ñ–∏–ª–∞",0.88
"profile.myPets",9,14,14,"0-30","OK","Your Pets","–í–∞—à–∏—Ç–µ –õ—é–±–∏–º—Ü–∏",1.56
"profile.addPet",7,14,14,"0-30","OK","Add Pet","–î–æ–±–∞–≤–∏ –õ—é–±–∏–º–µ—Ü",2.00
"profile.noPets",11,20,20,"0-30","OK","No pets yet","–í—Å–µ –æ—â–µ –Ω—è–º–∞ –ª—é–±–∏–º—Ü–∏",1.82
"profile.noPetsDesc",128,108,128,"120+","CRITICAL","Get started by creating a profile for your pet. Sh...","–ó–∞–ø–æ—á–Ω–µ—Ç–µ, –∫–∞—Ç–æ —Å—ä–∑–¥–∞–¥–µ—Ç–µ –ø—Ä–æ—Ñ–∏–ª –∑–∞ –≤–∞—à–∏—è –ª—é–±–∏–º–µ—Ü....",0.84
"profile.createProfile",25,32,32,"31-60","OK","Create Your Pet's Profile","–°—ä–∑–¥–∞–π—Ç–µ –ü—Ä–æ—Ñ–∏–ª –Ω–∞ –í–∞—à–∏—è –õ—é–±–∏–º–µ—Ü",1.28
"profile.createProfileBtn",18,24,24,"0-30","OK","Create Pet Profile","–°—ä–∑–¥–∞–π –ü—Ä–æ—Ñ–∏–ª –Ω–∞ –õ—é–±–∏–º–µ—Ü",1.33
"profile.stats",10,17,17,"0-30","OK","Your Stats","–í–∞—à–∞—Ç–∞ –°—Ç–∞—Ç–∏—Å—Ç–∏–∫–∞",1.70
"profile.totalMatches",13,15,15,"0-30","OK","Total Matches","–û–±—â–æ –°—ä–≤–ø–∞–¥–µ–Ω–∏—è",1.15
"profile.totalSwipes",11,18,18,"0-30","OK","Pets Viewed","–ü—Ä–µ–≥–ª–µ–¥–∞–Ω–∏ –õ—é–±–∏–º—Ü–∏",1.64
"profile.successRate",12,16,16,"0-30","OK","Success Rate","–ü—Ä–æ—Ü–µ–Ω—Ç –Ω–∞ –£—Å–ø–µ—Ö",1.33
"profile.settings",8,9,9,"0-30","OK","Settings","–ù–∞—Å—Ç—Ä–æ–π–∫–∏",1.13
"profile.darkMode",9,11,11,"0-30","OK","Dark Mode","–¢—ä–º–µ–Ω –†–µ–∂–∏–º",1.22
"profile.language",8,4,8,"0-30","OK","Language","–ï–∑–∏–∫",0.50
"profile.yearsOld",9,6,9,"0-30","OK","years old","–≥–æ–¥–∏–Ω–∏",0.67
"petProfile.name",4,3,4,"0-30","OK","Name","–ò–º–µ",0.75
"petProfile.breed",5,6,6,"0-30","OK","Breed","–ü–æ—Ä–æ–¥–∞",1.20
"petProfile.age",3,7,7,"0-30","OK","Age","–í—ä–∑—Ä–∞—Å—Ç",2.33
"petProfile.size",4,6,6,"0-30","OK","Size","–†–∞–∑–º–µ—Ä",1.50
"petProfile.location",8,14,14,"0-30","OK","Location","–ú–µ—Å—Ç–æ–ø–æ–ª–æ–∂–µ–Ω–∏–µ",1.75
"petProfile.personality",11,7,11,"0-30","OK","Personality","–õ–∏—á–Ω–æ—Å—Ç",0.64
"petProfile.interests",9,8,9,"0-30","OK","Interests","–ò–Ω—Ç–µ—Ä–µ—Å–∏",0.89
"petProfile.about",5,2,5,"0-30","OK","About","–ó–∞",0.40
"petProfile.photos",6,6,6,"0-30","OK","Photos","–°–Ω–∏–º–∫–∏",1.00
"petProfile.owner",5,10,10,"0-30","OK","Owner","–°–æ–±—Å—Ç–≤–µ–Ω–∏–∫",2.00
"petProfile.distance",13,10,13,"0-30","OK","Distance away","–†–∞–∑—Å—Ç–æ—è–Ω–∏–µ",0.77
"petProfile.lookingFor",11,5,11,"0-30","OK","Looking For","–¢—ä—Ä—Å–∏",0.45
"petProfile.gender",6,3,6,"0-30","OK","Gender","–ü–æ–ª",0.50
"petProfile.male",4,5,5,"0-30","OK","Male","–ú—ä–∂–∫–∏",1.25
"petProfile.female",6,6,6,"0-30","OK","Female","–ñ–µ–Ω—Å–∫–∏",1.00
"petProfile.bio",3,9,9,"0-30","OK","Bio","–ë–∏–æ–≥—Ä–∞—Ñ–∏—è",3.00
"filters.title",17,19,19,"0-30","OK","Discovery Filters","–§–∏–ª—Ç—Ä–∏ –∑–∞ –û—Ç–∫—Ä–∏–≤–∞–Ω–µ",1.12
"filters.age",9,18,18,"0-30","OK","Age Range","–í—ä–∑—Ä–∞—Å—Ç–æ–≤ –î–∏–∞–ø–∞–∑–æ–Ω",2.00
"filters.ageMin",11,17,17,"0-30","OK","Minimum Age","–ú–∏–Ω–∏–º–∞–ª–Ω–∞ –í—ä–∑—Ä–∞—Å—Ç",1.55
"filters.ageMax",11,18,18,"0-30","OK","Maximum Age","–ú–∞–∫—Å–∏–º–∞–ª–Ω–∞ –í—ä–∑—Ä–∞—Å—Ç",1.64
"filters.size",4,6,6,"0-30","OK","Size","–†–∞–∑–º–µ—Ä",1.50
"filters.distance",16,21,21,"0-30","OK","Maximum Distance","–ú–∞–∫—Å–∏–º–∞–ª–Ω–æ –†–∞–∑—Å—Ç–æ—è–Ω–∏–µ",1.31
"filters.small",5,5,5,"0-30","OK","Small","–ú–∞–ª—ä–∫",1.00
"filters.medium",6,6,6,"0-30","OK","Medium","–°—Ä–µ–¥–µ–Ω",1.00
"filters.large",5,5,5,"0-30","OK","Large","–ì–æ–ª—è–º",1.00
"filters.extraLarge",11,11,11,"0-30","OK","Extra Large","–ú–Ω–æ–≥–æ –ì–æ–ª—è–º",1.00
"filters.apply",13,14,14,"0-30","OK","Apply Filters","–ü—Ä–∏–ª–æ–∂–∏ –§–∏–ª—Ç—Ä–∏",1.08
"filters.reset",5,7,7,"0-30","OK","Reset","–ù—É–ª–∏—Ä–∞–π",1.40
"filters.yearsOld",9,6,9,"0-30","OK","years old","–≥–æ–¥–∏–Ω–∏",0.67
"filters.km",2,2,2,"0-30","OK","km","–∫–º",1.00
"createPet.title",18,24,24,"0-30","OK","Create Pet Profile","–°—ä–∑–¥–∞–π –ü—Ä–æ—Ñ–∏–ª –Ω–∞ –õ—é–±–∏–º–µ—Ü",1.33
"createPet.editTitle",16,28,28,"0-30","OK","Edit Pet Profile","–†–µ–¥–∞–∫—Ç–∏—Ä–∞–π –ü—Ä–æ—Ñ–∏–ª –Ω–∞ –õ—é–±–∏–º–µ—Ü",1.75
"createPet.uploadPhoto",12,11,12,"0-30","OK","Upload Photo","–ö–∞—á–∏ –°–Ω–∏–º–∫–∞",0.92
"createPet.analyzeWithAI",21,22,22,"0-30","OK","Analyze Photo with AI","–ê–Ω–∞–ª–∏–∑–∏—Ä–∞–π –°–Ω–∏–º–∫–∞ —Å AI",1.05
"createPet.analyzing",12,14,14,"0-30","OK","Analyzing...","–ê–Ω–∞–ª–∏–∑–∏—Ä–∞–Ω–µ...",1.17
"createPet.basicInfo",17,18,18,"0-30","OK","Basic Information","–û—Å–Ω–æ–≤–Ω–∞ –ò–Ω—Ñ–æ—Ä–º–∞—Ü–∏—è",1.06
"createPet.name",8,14,14,"0-30","OK","Pet Name","–ò–º–µ –Ω–∞ –õ—é–±–∏–º–µ—Ü",1.75
"createPet.namePlaceholder",9,11,11,"0-30","OK","e.g., Max","–Ω–∞–ø—Ä., –ú–∞–∫—Å",1.22
"createPet.breed",5,6,6,"0-30","OK","Breed","–ü–æ—Ä–æ–¥–∞",1.20
"createPet.breedPlaceholder",22,22,22,"0-30","OK","e.g., Golden Retriever","–Ω–∞–ø—Ä., –ì–æ–ª–¥—ä–Ω –†–µ—Ç—Ä–∏–≤—ä—Ä",1.00
"createPet.age",3,7,7,"0-30","OK","Age","–í—ä–∑—Ä–∞—Å—Ç",2.33
"createPet.ageYears",5,6,6,"0-30","OK","years","–≥–æ–¥–∏–Ω–∏",1.20
"createPet.gender",6,3,6,"0-30","OK","Gender","–ü–æ–ª",0.50
"createPet.male",4,5,5,"0-30","OK","Male","–ú—ä–∂–∫–∏",1.25
"createPet.female",6,6,6,"0-30","OK","Female","–ñ–µ–Ω—Å–∫–∏",1.00
"createPet.size",4,6,6,"0-30","OK","Size","–†–∞–∑–º–µ—Ä",1.50
"createPet.small",5,5,5,"0-30","OK","Small","–ú–∞–ª—ä–∫",1.00
"createPet.medium",6,6,6,"0-30","OK","Medium","–°—Ä–µ–¥–µ–Ω",1.00
"createPet.large",5,5,5,"0-30","OK","Large","–ì–æ–ª—è–º",1.00
"createPet.extraLarge",11,11,11,"0-30","OK","Extra Large","–ú–Ω–æ–≥–æ –ì–æ–ª—è–º",1.00
"createPet.location",8,14,14,"0-30","OK","Location","–ú–µ—Å—Ç–æ–ø–æ–ª–æ–∂–µ–Ω–∏–µ",1.75
"createPet.locationPlaceholder",23,22,23,"0-30","OK","e.g., San Francisco, CA","–Ω–∞–ø—Ä., –°–æ—Ñ–∏—è, –ë—ä–ª–≥–∞—Ä–∏—è",0.96
"createPet.bio",3,9,9,"0-30","OK","Bio","–ë–∏–æ–≥—Ä–∞—Ñ–∏—è",3.00
"createPet.bioPlaceholder",25,32,32,"31-60","OK","Tell us about your pet...","–†–∞–∑–∫–∞–∂–µ—Ç–µ –Ω–∏ –∑–∞ –≤–∞—à–∏—è –ª—é–±–∏–º–µ—Ü...",1.28
"createPet.personality",18,18,18,"0-30","OK","Personality Traits","–ß–µ—Ä—Ç–∏ –Ω–∞ –•–∞—Ä–∞–∫—Ç–µ—Ä–∞",1.00
"createPet.interests",9,8,9,"0-30","OK","Interests","–ò–Ω—Ç–µ—Ä–µ—Å–∏",0.89
"createPet.lookingFor",11,5,11,"0-30","OK","Looking For","–¢—ä—Ä—Å–∏",0.45
"createPet.save",12,13,13,"0-30","OK","Save Profile","–ó–∞–ø–∞–∑–∏ –ü—Ä–æ—Ñ–∏–ª",1.08
"createPet.cancel",6,6,6,"0-30","OK","Cancel","–û—Ç–∫–∞–∂–∏",1.00
"createPet.fillRequired",34,42,42,"31-60","OK","Please fill in all required fields","–ú–æ–ª—è, –ø–æ–ø—ä–ª–Ω–µ—Ç–µ –≤—Å–∏—á–∫–∏ –∑–∞–¥—ä–ª–∂–∏—Ç–µ–ª–Ω–∏ –ø–æ–ª–µ—Ç–∞",1.24
"createPet.profileCreated",33,39,39,"31-60","OK","Pet profile created successfully!","–ü—Ä–æ—Ñ–∏–ª—ä—Ç –Ω–∞ –ª—é–±–∏–º–µ—Ü –µ —Å—ä–∑–¥–∞–¥–µ–Ω —É—Å–ø–µ—à–Ω–æ!",1.18
"createPet.profileUpdated",33,43,43,"31-60","OK","Pet profile updated successfully!","–ü—Ä–æ—Ñ–∏–ª—ä—Ç –Ω–∞ –ª—é–±–∏–º–µ—Ü –µ –∞–∫—Ç—É–∞–ª–∏–∑–∏—Ä–∞–Ω —É—Å–ø–µ—à–Ω–æ!",1.30
"welcome.title",23,26,26,"0-30","OK","Welcome to PawfectMatch","–î–æ–±—Ä–µ –¥–æ—à–ª–∏ –≤ PawfectMatch",1.13
"welcome.subtitle",30,35,35,"31-60","OK","Smarter matches. Happier pets.","–ü–æ-—É–º–Ω–∏ —Å—Ä–µ—â–∏. –ü–æ-—â–∞—Å—Ç–ª–∏–≤–∏ –ª—é–±–∏–º—Ü–∏.",1.17
"welcome.proof1",14,15,15,"0-30","OK","Smart Matching","–£–º–Ω–æ –°—ä–≤–ø–∞–¥–µ–Ω–∏–µ",1.07
"welcome.proof2",9,11,11,"0-30","OK","Safe Chat","–°–∏–≥—É—Ä–µ–Ω –ß–∞—Ç",1.22
"welcome.proof3",17,16,17,"0-30","OK","Trusted Community","–î–æ–≤–µ—Ä–µ–Ω–∞ –û–±—â–Ω–æ—Å—Ç",0.94
"welcome.getStarted",11,7,11,"0-30","OK","Get started","–ó–∞–ø–æ—á–Ω–∏",0.64
"welcome.signIn",25,16,25,"0-30","OK","I already have an account","–í–µ—á–µ –∏–º–∞–º –∞–∫–∞—É–Ω—Ç",0.64
"welcome.explore",13,15,15,"0-30","OK","Explore first","–†–∞–∑–≥–ª–µ–¥–∞–π –ø—ä—Ä–≤–æ",1.15
"welcome.legal",30,31,31,"31-60","OK","By continuing you agree to our","–ü—Ä–æ–¥—ä–ª–∂–∞–≤–∞–π–∫–∏, –ø—Ä–∏–µ–ºÔøΩÔøΩ—Ç–µ –Ω–∞—à–∏—Ç–µ",1.03
"welcome.terms",5,12,12,"0-30","OK","Terms","–û–±—â–∏ —É—Å–ª–æ–≤–∏—è",2.40
"welcome.and",3,1,3,"0-30","OK","and","–∏",0.33
"welcome.privacy",7,25,25,"0-30","OK","Privacy","–ü–æ–ª–∏—Ç–∏–∫–∞ –∑–∞ –ø–æ–≤–µ—Ä–∏—Ç–µ–ª–Ω–æ—Å—Ç",3.57
"welcome.offlineMessage",55,71,71,"61-120","WARNING","You're offline. Reconnect to continue or explore l...","–ù—è–º–∞—Ç–µ –≤—Ä—ä–∑–∫–∞. –°–≤—ä—Ä–∂–µ—Ç–µ —Å–µ, –∑–∞ –¥–∞ –ø—Ä–æ–¥—ä–ª–∂–∏—Ç–µ, –∏–ª–∏ ...",1.29
"welcome.deepLinkMessage",42,45,45,"31-60","OK","We'll take you to your link after sign-in.","–©–µ –≤–∏ –æ—Ç–≤–µ–¥–µ–º –∫—ä–º –≤–∞—à–∞—Ç–∞ –≤—Ä—ä–∑–∫–∞ —Å–ª–µ–¥ –≤–ª–∏–∑–∞–Ω–µ.",1.07
"auth.signInTitle",12,18,18,"0-30","OK","Welcome Back","–î–æ–±—Ä–µ –¥–æ—à–ª–∏ –æ—Ç–Ω–æ–≤–æ",1.50
"auth.signInSubtitle",35,39,39,"31-60","OK","Sign in to continue to PawfectMatch","–í–ª–µ–∑—Ç–µ, –∑–∞ –¥–∞ –ø—Ä–æ–¥—ä–ª–∂–∏—Ç–µ –≤ PawfectMatch",1.11
"auth.signIn",7,4,7,"0-30","OK","Sign In","–í—Ö–æ–¥",0.57
"auth.signUpTitle",14,15,15,"0-30","OK","Create Account","–°—ä–∑–¥–∞–π—Ç–µ –ê–∫–∞—É–Ω—Ç",1.07
"auth.signUpSubtitle",54,84,84,"61-120","WARNING","Join PawfectMatch to find your pet's perfect compa...","–ü—Ä–∏—Å—ä–µ–¥–∏–Ω–µ—Ç–µ —Å–µ –∫—ä–º PawfectMatch, –∑–∞ –¥–∞ –Ω–∞–º–µ—Ä–∏—Ç–µ –ø...",1.56
"auth.signUp",7,11,11,"0-30","OK","Sign up","–†–µ–≥–∏—Å—Ç—Ä–∞—Ü–∏—è",1.57
"auth.createAccount",14,15,15,"0-30","OK","Create Account","–°—ä–∑–¥–∞–π—Ç–µ –ê–∫–∞—É–Ω—Ç",1.07
"auth.email",5,5,5,"0-30","OK","Email","–ò–º–µ–π–ª",1.00
"auth.emailPlaceholder",15,14,15,"0-30","OK","you@example.com","–≤–∏–µ@–ø—Ä–∏–º–µ—Ä.com",0.93
"auth.emailRequired",17,22,22,"0-30","OK","Email is required","–ò–º–µ–π–ª—ä—Ç –µ –∑–∞–¥—ä–ª–∂–∏—Ç–µ–ª–µ–Ω",1.29
"auth.emailInvalid",26,28,28,"0-30","OK","Please enter a valid email","–ú–æ–ª—è, –≤—ä–≤–µ–¥–µ—Ç–µ –≤–∞–ª–∏–¥–µ–Ω –∏–º–µ–π–ª",1.08
"auth.password",8,6,8,"0-30","OK","Password","–ü–∞—Ä–æ–ª–∞",0.75
"auth.passwordPlaceholder",8,8,8,"0-30","OK","‚Ä¢‚Ä¢‚Ä¢‚Ä¢‚Ä¢‚Ä¢‚Ä¢‚Ä¢","‚Ä¢‚Ä¢‚Ä¢‚Ä¢‚Ä¢‚Ä¢‚Ä¢‚Ä¢",1.00
"auth.passwordRequired",20,23,23,"0-30","OK","Password is required","–ü–∞—Ä–æ–ª–∞—Ç–∞ –µ –∑–∞–¥—ä–ª–∂–∏—Ç–µ–ª–Ω–∞",1.15
"auth.passwordTooShort",38,38,38,"31-60","OK","Password must be at least 6 characters","–ü–∞—Ä–æ–ª–∞—Ç–∞ —Ç—Ä—è–±–≤–∞ –¥–∞ –±—ä–¥–µ –ø–æ–Ω–µ 6 —Å–∏–º–≤–æ–ª–∞",1.00
"auth.confirmPassword",16,19,19,"0-30","OK","Confirm Password","–ü–æ—Ç–≤—ä—Ä–¥–µ—Ç–µ –ü–∞—Ä–æ–ª–∞—Ç–∞",1.19
"auth.confirmPasswordPlaceholder",8,8,8,"0-30","OK","‚Ä¢‚Ä¢‚Ä¢‚Ä¢‚Ä¢‚Ä¢‚Ä¢‚Ä¢","‚Ä¢‚Ä¢‚Ä¢‚Ä¢‚Ä¢‚Ä¢‚Ä¢‚Ä¢",1.00
"auth.confirmPasswordRequired",28,28,28,"0-30","OK","Please confirm your password","–ú–æ–ª—è, –ø–æ—Ç–≤—ä—Ä–¥–µ—Ç–µ –ø–∞—Ä–æ–ª–∞—Ç–∞ —Å–∏",1.00
"auth.passwordMismatch",22,20,22,"0-30","OK","Passwords do not match","–ü–∞—Ä–æ–ª–∏—Ç–µ –Ω–µ —Å—ä–≤–ø–∞–¥–∞—Ç",0.91
"auth.name",9,9,9,"0-30","OK","Full Name","–ü—ä–ª–Ω–æ –ò–º–µ",1.00
"auth.namePlaceholder",8,11,11,"0-30","OK","John Doe","–ò–≤–∞–Ω –ò–≤–∞–Ω–æ–≤",1.38
"auth.nameRequired",16,20,20,"0-30","OK","Name is required","–ò–º–µ—Ç–æ –µ –∑–∞–¥—ä–ª–∂–∏—Ç–µ–ª–Ω–æ",1.25
"auth.nameTooShort",34,35,35,"31-60","OK","Name must be at least 2 characters","–ò–º–µ—Ç–æ —Ç—Ä—è–±–≤–∞ –¥–∞ –±—ä–¥–µ –ø–æ–Ω–µ 2 —Å–∏–º–≤–æ–ª–∞",1.03
"auth.forgotPassword",16,17,17,"0-30","OK","Forgot password?","–ó–∞–±—Ä–∞–≤–µ–Ω–∞ –ø–∞—Ä–æ–ª–∞?",1.06
"auth.forgotPasswordInfo",47,60,60,"31-60","OK","Password reset link would be sent to your email","–õ–∏–Ω–∫ –∑–∞ –Ω—É–ª–∏—Ä–∞–Ω–µ –Ω–∞ –ø–∞—Ä–æ–ª–∞—Ç–∞ —â–µ –±—ä–¥–µ –∏–∑–ø—Ä–∞—Ç–µ–Ω –Ω–∞ –≤...",1.28
"auth.noAccount",22,14,22,"0-30","OK","Don't have an account?","–ù—è–º–∞—Ç–µ –∞–∫–∞—É–Ω—Ç?",0.64
"auth.hasAccount",24,18,24,"0-30","OK","Already have an account?","–í–µ—á–µ –∏–º–∞—Ç–µ –∞–∫–∞—É–Ω—Ç?",0.75
"auth.or",2,3,3,"0-30","OK","or","–∏–ª–∏",1.50
"auth.agreeToTerms",14,7,14,"0-30","OK","I agree to the","–ü—Ä–∏–µ–º–∞–º",0.50
"auth.terms",16,14,16,"0-30","OK","Terms of Service","–û–±—â–∏—Ç–µ —É—Å–ª–æ–≤–∏—è",0.88
"auth.and",3,1,3,"0-30","OK","and","–∏",0.33
"auth.privacyPolicy",14,27,27,"0-30","OK","Privacy Policy","–ü–æ–ª–∏—Ç–∏–∫–∞—Ç–∞ –∑–∞ –ø–æ–≤–µ—Ä–∏—Ç–µ–ª–Ω–æ—Å—Ç",1.93
"auth.termsRequired",46,63,63,"61-120","WARNING","You must agree to the Terms and Privacy Policy","–¢—Ä—è–±–≤–∞ –¥–∞ –ø—Ä–∏–µ–º–µ—Ç–µ –û–±—â–∏—Ç–µ —É—Å–ª–æ–≤–∏—è –∏ –ü–æ–ª–∏—Ç–∏–∫–∞—Ç–∞ –∑–∞ ...",1.37
"auth.signInSuccess",13,19,19,"0-30","OK","Welcome back!","–î–æ–±—Ä–µ –¥–æ—à–ª–∏ –æ—Ç–Ω–æ–≤–æ!",1.46
"auth.signInError",36,38,38,"31-60","OK","Failed to sign in. Please try again.","–ù–µ—É—Å–ø–µ—à–µ–Ω –≤—Ö–æ–¥. –ú–æ–ª—è, –æ–ø–∏—Ç–∞–π—Ç–µ –æ—Ç–Ω–æ–≤–æ.",1.06
"auth.signUpSuccess",29,28,29,"0-30","OK","Account created successfully!","–ê–∫–∞—É–Ω—Ç—ä—Ç –µ —Å—ä–∑–¥–∞–¥–µ–Ω —É—Å–ø–µ—à–Ω–æ!",0.97
"auth.signUpError",43,53,53,"31-60","OK","Failed to create account. Please try again.","–ù–µ—É—Å–ø–µ—à–Ω–æ —Å—ä–∑–¥–∞–≤–∞–Ω–µ –Ω–∞ –∞–∫–∞—É–Ω—Ç. –ú–æ–ª—è, –æ–ø–∏—Ç–∞–π—Ç–µ –æ—Ç–Ω–æ...",1.23
"common.loading",10,12,12,"0-30","OK","Loading...","–ó–∞—Ä–µ–∂–¥–∞–Ω–µ...",1.20
"common.error",5,6,6,"0-30","OK","Error","–ì—Ä–µ—à–∫–∞",1.20
"common.save",4,6,6,"0-30","OK","Save","–ó–∞–ø–∞–∑–∏",1.50
"common.cancel",6,6,6,"0-30","OK","Cancel","–û—Ç–∫–∞–∂–∏",1.00
"common.delete",6,6,6,"0-30","OK","Delete","–ò–∑—Ç—Ä–∏–π",1.00
"common.edit",4,10,10,"0-30","OK","Edit","–†–µ–¥–∞–∫—Ç–∏—Ä–∞–π",2.50
"common.close",5,7,7,"0-30","OK","Close","–ó–∞—Ç–≤–æ—Ä–∏",1.40
"common.confirm",7,8,8,"0-30","OK","Confirm","–ü–æ—Ç–≤—ä—Ä–¥–∏",1.14
"common.yes",3,2,3,"0-30","OK","Yes","–î–∞",0.67
"common.no",2,2,2,"0-30","OK","No","–ù–µ",1.00
"common.ok",2,2,2,"0-30","OK","OK","–û–ö",1.00
"common.back",4,5,5,"0-30","OK","Back","–ù–∞–∑–∞–¥",1.25
"common.ago",3,5,5,"0-30","OK","ago","–ø—Ä–µ–¥–∏",1.67
"common.just_now",8,7,8,"0-30","OK","just now","—Ç–æ–∫—É —â–æ",0.88
"common.minutes",7,6,7,"0-30","OK","minutes","–º–∏–Ω—É—Ç–∏",0.86
"common.hours",5,4,5,"0-30","OK","hours","—á–∞—Å–∞",0.80
"common.days",4,3,4,"0-30","OK","days","–¥–Ω–∏",0.75
"common.years",9,6,9,"0-30","OK","years old","–≥–æ–¥–∏–Ω–∏",0.67
"common.year_singular",8,6,8,"0-30","OK","year old","–≥–æ–¥–∏–Ω–∞",0.75
"common.km",2,2,2,"0-30","OK","km","–∫–º",1.00
"common.match",6,11,11,"0-30","OK","Match!","–°—ä–≤–ø–∞–¥–µ–Ω–∏–µ!",1.83
"common.itsAMatch",13,17,17,"0-30","OK","It's a Match!","–ò–º–∞—Ç–µ –°—ä–≤–ø–∞–¥–µ–Ω–∏–µ!",1.31
"common.and",3,1,3,"0-30","OK","and","–∏",0.33
"common.areNowConnected",18,17,18,"0-30","OK","are now connected!","–≤–µ—á–µ —Å–∞ —Å–≤—ä—Ä–∑–∞–Ω–∏!",0.94
"common.posting",10,14,14,"0-30","OK","Posting...","–ü—É–±–ª–∏–∫—É–≤–∞–Ω–µ...",1.40
"common.post",4,10,10,"0-30","OK","Post","–ü—É–±–ª–∏–∫—É–≤–∞–π",2.50
"common.submitting",13,12,13,"0-30","OK","Submitting...","–ò–∑–ø—Ä–∞—â–∞–Ω–µ...",0.92
"traits.Playful",7,5,7,"0-30","OK","Playful","–ò–≥—Ä–∏–≤",0.71
"traits.Calm",4,7,7,"0-30","OK","Calm","–°–ø–æ–∫–æ–µ–Ω",1.75
"traits.Energetic",9,9,9,"0-30","OK","Energetic","–ï–Ω–µ—Ä–≥–∏—á–µ–Ω",1.00
"traits.Gentle",6,5,6,"0-30","OK","Gentle","–ù–µ–∂–µ–Ω",0.83
"traits.Social",6,9,9,"0-30","OK","Social","–û–±—â–∏—Ç–µ–ª–µ–Ω",1.50
"traits.Independent",11,9,11,"0-30","OK","Independent","–ù–µ–∑–∞–≤–∏—Å–∏–º",0.82
"traits.Affectionate",12,7,12,"0-30","OK","Affectionate","–û–±–∏—á–ª–∏–≤",0.58
"traits.Curious",7,9,9,"0-30","OK","Curious","–õ—é–±–æ–ø–∏—Ç–µ–Ω",1.29
"traits.Protective",10,21,21,"0-30","OK","Protective","–ó–∞—â–∏—Ç–Ω–∏—á–µ—Å–∫–∏ –Ω–∞—Å—Ç—Ä–æ–µ–Ω",2.10
"traits.Loyal",5,5,5,"0-30","OK","Loyal","–í–µ—Ä–µ–Ω",1.00
"traits.Friendly",8,19,19,"0-30","OK","Friendly","–ü—Ä–∏—è—Ç–µ–ª—Å–∫–∏ –Ω–∞—Å—Ç—Ä–æ–µ–Ω",2.38
"traits.Quiet",5,3,5,"0-30","OK","Quiet","–¢–∏—Ö",0.60
"interests.Fetch",5,7,7,"0-30","OK","Fetch","–¢—ä—Ä—Å–µ–Ω–µ",1.40
"interests.Swimming",8,7,8,"0-30","OK","Swimming","–ü–ª—É–≤–∞–Ω–µ",0.88
"interests.Hiking",6,7,7,"0-30","OK","Hiking","–¢—É—Ä–∏–∑—ä–º",1.17
"interests.Running",7,6,7,"0-30","OK","Running","–ë—è–≥–∞–Ω–µ",0.86
"interests.Cuddling",8,9,9,"0-30","OK","Cuddling","–ü—Ä–µ–≥—Ä—ä–¥–∫–∏",1.13
"interests.Treats",6,9,9,"0-30","OK","Treats","–õ–∞–∫–æ–º—Å—Ç–≤–∞",1.50
"interests.Toys",4,7,7,"0-30","OK","Toys","–ò–≥—Ä–∞—á–∫–∏",1.75
"interests.Parks",5,7,7,"0-30","OK","Parks","–ü–∞—Ä–∫–æ–≤–µ",1.40
"interests.Beach",5,4,5,"0-30","OK","Beach","–ü–ª–∞–∂",0.80
"interests.Car Rides",9,15,15,"0-30","OK","Car Rides","–†–∞–∑—Ö–æ–¥–∫–∏ —Å –ö–æ–ª–∞",1.67
"interests.Napping",7,6,7,"0-30","OK","Napping","–î—Ä—è–º–∫–∞",0.86
"interests.Exploring",9,10,10,"0-30","OK","Exploring","–ò–∑—Å–ª–µ–¥–≤–∞–Ω–µ",1.11
"lookingFor.Playdate",8,13,13,"0-30","OK","Playdate","–°—Ä–µ—â–∞ –∑–∞ –ò–≥—Ä–∞",1.63
"lookingFor.Walking Buddy",13,19,19,"0-30","OK","Walking Buddy","–ü—Ä–∏—è—Ç–µ–ª –∑–∞ –†–∞–∑—Ö–æ–¥–∫–∞",1.46
"lookingFor.Best Friend",11,17,17,"0-30","OK","Best Friend","–ù–∞–π-–¥–æ–±—ä—Ä –ü—Ä–∏—è—Ç–µ–ª",1.55
"lookingFor.Training Partner",16,22,22,"0-30","OK","Training Partner","–ü–∞—Ä—Ç–Ω—å–æ—Ä –∑–∞ –¢—Ä–µ–Ω–∏—Ä–æ–≤–∫–∞",1.38
"lookingFor.Cuddle Companion",16,20,20,"0-30","OK","Cuddle Companion","–°–ø—ä—Ç–Ω–∏–∫ –∑–∞ –ü—Ä–µ–≥—Ä—ä–¥–∫–∏",1.25
"lookingFor.Adventure Buddy",15,22,22,"0-30","OK","Adventure Buddy","–ü—Ä–∏—è—Ç–µ–ª –∑–∞ –ü—Ä–∏–∫–ª—é—á–µ–Ω–∏—è",1.47
"map.interactiveMap",15,18,18,"0-30","OK","Interactive Map","–ò–Ω—Ç–µ—Ä–∞–∫—Ç–∏–≤–Ω–∞ –ö–∞—Ä—Ç–∞",1.20
"map.mapDescription",113,190,190,"120+","CRITICAL","Discover pet-friendly places, plan playdates, and ...","–û—Ç–∫—Ä–∏–≤–∞–π—Ç–µ –º–µ—Å—Ç–∞, –ø—Ä–∏—è—Ç–µ–ª—Å–∫–∏ –Ω–∞—Å—Ç—Ä–æ–µ–Ω–∏ –∫—ä–º –¥–æ–º–∞—à–Ω–∏...",1.68
"map.searchPlaceholder",16,19,19,"0-30","OK","Search places...","–¢—ä—Ä—Å–µ–Ω–µ –Ω–∞ –º–µ—Å—Ç–∞...",1.19
"map.locationEnabled",16,29,29,"0-30","OK","Location enabled","–ú–µ—Å—Ç–æ–ø–æ–ª–æ–∂–µ–Ω–∏–µ—Ç–æ –µ –∞–∫—Ç–∏–≤–∏—Ä–∞–Ω–æ",1.81
"map.locationDenied",47,83,83,"61-120","WARNING","Location access denied. Using default location.","–î–æ—Å—Ç—ä–ø—ä—Ç –¥–æ –º–µ—Å—Ç–æ–ø–æ–ª–æ–∂–µ–Ω–∏–µ –µ –æ—Ç–∫–∞–∑–∞–Ω. –ò–∑–ø–æ–ª–∑–≤–∞–Ω–µ –Ω...",1.77
"map.approximateLocation",26,42,42,"31-60","OK","Using approximate location","–ò–∑–ø–æ–ª–∑–≤–∞–Ω–µ –Ω–∞ –ø—Ä–∏–±–ª–∏–∑–∏—Ç–µ–ª–Ω–æ –º–µ—Å—Ç–æ–ø–æ–ª–æ–∂–µ–Ω–∏–µ",1.62
"map.enablePrecisePrompt",62,67,67,"61-120","WARNING","Enable precise location for live meet-ups and exac...","–ê–∫—Ç–∏–≤–∏—Ä–∞–π—Ç–µ —Ç–æ—á–Ω–æ –º–µ—Å—Ç–æ–ø–æ–ª–æ–∂–µ–Ω–∏–µ –∑–∞ —Å—Ä–µ—â–∏ –Ω–∞ –∂–∏–≤–æ ...",1.08
"map.enable",6,9,9,"0-30","OK","Enable","–ê–∫—Ç–∏–≤–∏—Ä–∞–π",1.50
"map.preciseEnabled",23,32,32,"31-60","OK","Precise location active","–¢–æ—á–Ω–æ—Ç–æ –º–µ—Å—Ç–æ–ø–æ–ª–æ–∂–µ–Ω–∏–µ –µ –∞–∫—Ç–∏–≤–Ω–æ",1.39
"map.preciseExpires",10,11,11,"0-30","OK","Expires in","–ò–∑—Ç–∏—á–∞ —Å–ª–µ–¥",1.10
"map.disable",7,11,11,"0-30","OK","Disable","–î–µ–∞–∫—Ç–∏–≤–∏—Ä–∞–π",1.57
"map.precisionEnabled",39,44,44,"31-60","OK","Precise location enabled for 60 minutes","–¢–æ—á–Ω–æ –º–µ—Å—Ç–æ–ø–æ–ª–æ–∂–µ–Ω–∏–µ –∞–∫—Ç–∏–≤–∏—Ä–∞–Ω–æ –∑–∞ 60 –º–∏–Ω—É—Ç–∏",1.13
"map.precisionDisabled",25,37,37,"31-60","OK","Precise location disabled","–¢–æ—á–Ω–æ—Ç–æ –º–µ—Å—Ç–æ–ø–æ–ª–æ–∂–µ–Ω–∏–µ –µ –¥–µ–∞–∫—Ç–∏–≤–∏—Ä–∞–Ω–æ",1.48
"map.precisionExpired",30,44,44,"31-60","OK","Precise location sharing ended","–°–ø–æ–¥–µ–ª—è–Ω–µ—Ç–æ –Ω–∞ —Ç–æ—á–Ω–æ –º–µ—Å—Ç–æ–ø–æ–ª–æ–∂–µ–Ω–∏–µ –ø—Ä–∏–∫–ª—é—á–∏",1.47
"map.nearbyPlaces",13,12,13,"0-30","OK","Nearby Places","–ë–ª–∏–∑–∫–∏ –ú–µ—Å—Ç–∞",0.92
"map.save",4,6,6,"0-30","OK","Save","–ó–∞–ø–∞–∑–∏",1.50
"map.saved",5,8,8,"0-30","OK","Saved","–ó–∞–ø–∞–∑–µ–Ω–æ",1.60
"map.placeSaved",11,18,18,"0-30","OK","Place saved","–ú—è—Å—Ç–æ—Ç–æ –µ –∑–∞–ø–∞–∑–µ–Ω–æ",1.64
"map.placeRemoved",24,34,34,"31-60","OK","Place removed from saved","–ú—è—Å—Ç–æ—Ç–æ –µ –ø—Ä–µ–º–∞—Ö–Ω–∞—Ç–æ –æ—Ç –∑–∞–ø–∞–∑–µ–Ω–∏—Ç–µ",1.42
"map.navigate",8,9,9,"0-30","OK","Navigate","–ù–∞–≤–∏–≥–∏—Ä–∞–π",1.13
"map.placesNearby",6,5,6,"0-30","OK","Places","–ú–µ—Å—Ç–∞",0.83
"map.radiusKm",9,9,9,"0-30","OK","km radius","–∫–º —Ä–∞–¥–∏—É—Å",1.00
"map.viewMode",4,6,6,"0-30","OK","View","–ò–∑–≥–ª–µ–¥",1.50
"map.cards",5,5,5,"0-30","OK","Cards","–ö–∞—Ä—Ç–∏",1.00
"map.mapView",3,5,5,"0-30","OK","Map","–ö–∞—Ä—Ç–∞",1.67
"map.planPlaydate",13,14,14,"0-30","OK","Plan Playdate","–ü–ª–∞–Ω–∏—Ä–∞–π –°—Ä–µ—â–∞",1.08
"map.choosePlace",14,14,14,"0-30","OK","Choose a place","–ò–∑–±–æ—Ä –Ω–∞ –º—è—Å—Ç–æ",1.00
"map.selectLocation",15,23,23,"0-30","OK","Select Location","–ò–∑–±–æ—Ä –Ω–∞ –ú–µ—Å—Ç–æ–ø–æ–ª–æ–∂–µ–Ω–∏–µ",1.53
"map.shareLocation",14,22,22,"0-30","OK","Share location","–°–ø–æ–¥–µ–ª–∏ –º–µ—Å—Ç–æ–ø–æ–ª–æ–∂–µ–Ω–∏–µ",1.57
"map.openInMaps",12,14,14,"0-30","OK","Open in Maps","–û—Ç–≤–æ—Ä–∏ –≤ –ö–∞—Ä—Ç–∏",1.17
"map.locationShared",15,28,28,"0-30","OK","Location shared","–ú–µ—Å—Ç–æ–ø–æ–ª–æ–∂–µ–Ω–∏–µ—Ç–æ –µ —Å–ø–æ–¥–µ–ª–µ–Ω–æ",1.87
"map.lostAndFound",12,19,19,"0-30","OK","Lost & Found","–ò–∑–≥—É–±–µ–Ω–∏ –∏ –Ω–∞–º–µ—Ä–µ–Ω–∏",1.58
"map.reportLost",15,25,25,"0-30","OK","Report Lost Pet","–î–æ–∫–ª–∞–¥–≤–∞–π –∏–∑–≥—É–±–µ–Ω –ª—é–±–∏–º–µ—Ü",1.67
"map.reportSighting",15,21,21,"0-30","OK","Report Sighting","–î–æ–∫–ª–∞–¥–≤–∞–π –∑–∞–±–µ–ª—è–∑–≤–∞–Ω–µ",1.40
"map.lastSeen",9,14,14,"0-30","OK","Last seen","–ü–æ—Å–ª–µ–¥–Ω–æ –≤–∏–¥—è–Ω",1.56
"map.sightings",9,12,12,"0-30","OK","Sightings","–ó–∞–±–µ–ª—è–∑–≤–∞–Ω–∏—è",1.33
"map.contactInfo",19,21,21,"0-30","OK","Contact Information","–ò–Ω—Ñ–æ—Ä–º–∞—Ü–∏—è –∑–∞ –∫–æ–Ω—Ç–∞–∫—Ç",1.11
"map.preferredArea",14,17,17,"0-30","OK","Preferred Area","–ü—Ä–µ–¥–ø–æ—á–∏—Ç–∞–Ω–∞ –∑–æ–Ω–∞",1.21
"map.updateArea",11,17,17,"0-30","OK","Update Area","–ê–∫—Ç—É–∞–ª–∏–∑–∏—Ä–∞–π –∑–æ–Ω–∞",1.55
"map.yourArea",9,11,11,"0-30","OK","Your Area","–í–∞—à–∞—Ç–∞ –∑–æ–Ω–∞",1.22
"map.selectYourArea",46,55,55,"31-60","OK","Select your area to get better recommendations","–ò–∑–±–µ—Ä–µ—Ç–µ –≤–∞—à–∞—Ç–∞ –∑–æ–Ω–∞, –∑–∞ –¥–∞ –ø–æ–ª—É—á–∏—Ç–µ –ø–æ-–¥–æ–±—Ä–∏ –ø—Ä–µ–ø...",1.20
"map.categoryPark",4,4,4,"0-30","OK","Park","–ü–∞—Ä–∫",1.00
"map.categoryVet",3,9,9,"0-30","OK","Vet","–í–µ—Ç–µ—Ä–∏–Ω–∞—Ä",3.00
"map.categoryGroomer",7,7,7,"0-30","OK","Groomer","–ì—Ä—É–º–∏–Ω–≥",1.00
"map.categoryCafe",8,17,17,"0-30","OK","Pet Caf√©","–ö–∞—Ñ–µ–Ω–µ –∑–∞ –õ—é–±–∏–º—Ü–∏",2.13
"map.categoryStore",9,10,10,"0-30","OK","Pet Store","–ó–æ–æ–º–∞–≥–∞–∑–∏–Ω",1.11
"map.verified",8,9,9,"0-30","OK","Verified","–ü—Ä–æ–≤–µ—Ä–µ–Ω–æ",1.13
"map.openNow",8,13,13,"0-30","OK","Open Now","–û—Ç–≤–æ—Ä–µ–Ω–æ —Å–µ–≥–∞",1.63
"map.closed",6,9,9,"0-30","OK","Closed","–ó–∞—Ç–≤–æ—Ä–µ–Ω–æ",1.50
"map.amenities",9,8,9,"0-30","OK","Amenities","–£–¥–æ–±—Å—Ç–≤–∞",0.89
"map.hours",5,13,13,"0-30","OK","Hours","–†–∞–±–æ—Ç–Ω–æ –≤—Ä–µ–º–µ",2.60
"map.phone",5,7,7,"0-30","OK","Phone","–¢–µ–ª–µ—Ñ–æ–Ω",1.40
"map.website",7,7,7,"0-30","OK","Website","–£–µ–±—Å–∞–π—Ç",1.00
"map.distance",8,10,10,"0-30","OK","Distance","–†–∞–∑—Å—Ç–æ—è–Ω–∏–µ",1.25
"map.tapToSelect",13,25,25,"0-30","OK","Tap to select","–î–æ–∫–æ—Å–Ω–µ—Ç–µ, –∑–∞ –¥–∞ –∏–∑–±–µ—Ä–µ—Ç–µ",1.92
"map.selected",8,7,8,"0-30","OK","Selected","–ò–∑–±—Ä–∞–Ω–æ",0.88
"map.confirm",7,8,8,"0-30","OK","Confirm","–ü–æ—Ç–≤—ä—Ä–¥–∏",1.14
"map.noPlacesFound",15,20,20,"0-30","OK","No places found","–ù–µ —Å–∞ –Ω–∞–º–µ—Ä–µ–Ω–∏ –º–µ—Å—Ç–∞",1.33
"map.tryDifferentSearch",34,39,39,"31-60","OK","Try a different search or category","–û–ø–∏—Ç–∞–π—Ç–µ —Ä–∞–∑–ª–∏—á–Ω–æ —Ç—ä—Ä—Å–µ–Ω–µ –∏–ª–∏ –∫–∞—Ç–µ–≥–æ—Ä–∏—è",1.15
"map.loading",14,21,21,"0-30","OK","Loading map...","–ó–∞—Ä–µ–∂–¥–∞–Ω–µ –Ω–∞ –∫–∞—Ä—Ç–∞...",1.50
"map.errorLoadingMap",17,31,31,"31-60","OK","Error loading map","–ì—Ä–µ—à–∫–∞ –ø—Ä–∏ –∑–∞—Ä–µ–∂–¥–∞–Ω–µ –Ω–∞ –∫–∞—Ä—Ç–∞—Ç–∞",1.82
"map.retryLocation",5,13,13,"0-30","OK","Retry","–û–ø–∏—Ç–∞–π –æ—Ç–Ω–æ–≤–æ",2.60
"community.title",9,7,9,"0-30","OK","Community","–û–±—â–Ω–æ—Å—Ç",0.78
"community.feed",4,5,5,"0-30","OK","Feed","–ü–æ—Ç–æ–∫",1.25
"community.forYou",7,6,7,"0-30","OK","For You","–ó–∞ –í–∞—Å",0.86
"community.following",9,10,10,"0-30","OK","Following","–ü–æ—Å–ª–µ–¥–≤–∞–Ω–∏",1.11
"community.createPost",11,17,17,"0-30","OK","Create Post","–°—ä–∑–¥–∞–π –ü—É–±–ª–∏–∫–∞—Ü–∏—è",1.55
"community.whatsOnYourMind",20,14,20,"0-30","OK","What's on your mind?","–ö–∞–∫–≤–æ –º–∏—Å–ª–∏—Ç–µ?",0.70
"community.shareUpdate",33,36,36,"31-60","OK","Share an update about your pet...","–°–ø–æ–¥–µ–ª–µ—Ç–µ –Ω–æ–≤–∏–Ω–∞ –∑–∞ –≤–∞—à–∏—è –ª—é–±–∏–º–µ—Ü...",1.09
"community.post",4,10,10,"0-30","OK","Post","–ü—É–±–ª–∏–∫—É–≤–∞–π",2.50
"community.posting",10,14,14,"0-30","OK","Posting...","–ü—É–±–ª–∏–∫—É–≤–∞–Ω–µ...",1.40
"community.postSuccess",25,33,33,"31-60","OK","Post shared successfully!","–ü—É–±–ª–∏–∫–∞—Ü–∏—è—Ç–∞ –µ —Å–ø–æ–¥–µ–ª–µ–Ω–∞ —É—Å–ø–µ—à–Ω–æ!",1.32
"community.postError",20,33,33,"31-60","OK","Failed to share post","–ù–µ—É—Å–ø–µ—à–Ω–æ —Å–ø–æ–¥–µ–ª—è–Ω–µ –Ω–∞ –ø—É–±–ª–∏–∫–∞—Ü–∏—è",1.65
"community.refreshed",15,18,18,"0-30","OK","Feed refreshed!","–ü–æ—Ç–æ–∫—ä—Ç –µ –æ–±–Ω–æ–≤–µ–Ω!",1.20
"community.refreshError",17,20,20,"0-30","OK","Failed to refresh","–ù–µ—É—Å–ø–µ—à–Ω–æ –æ–±–Ω–æ–≤—è–≤–∞–Ω–µ",1.18
"community.addPhotos",10,13,13,"0-30","OK","Add Photos","–î–æ–±–∞–≤–∏ –°–Ω–∏–º–∫–∏",1.30
"community.addVideo",9,12,12,"0-30","OK","Add Video","–î–æ–±–∞–≤–∏ –í–∏–¥–µ–æ",1.33
"community.tagPets",8,16,16,"0-30","OK","Tag Pets","–û—Ç–±–µ–ª–µ–∂–∏ –õ—é–±–∏–º—Ü–∏",2.00
"community.addLocation",12,21,21,"0-30","OK","Add Location","–î–æ–±–∞–≤–∏ –ú–µ—Å—Ç–æ–ø–æ–ª–æ–∂–µ–Ω–∏–µ",1.75
"community.visibility",10,8,10,"0-30","OK","Visibility","–í–∏–¥–∏–º–æ—Å—Ç",0.80
"community.public",6,8,8,"0-30","OK","Public","–ü—É–±–ª–∏—á–Ω–∞",1.33
"community.matchesOnly",12,15,15,"0-30","OK","Matches Only","–°–∞–º–æ –°—ä–≤–ø–∞–¥–µ–Ω–∏—è",1.25
"community.private",7,6,7,"0-30","OK","Private","–ß–∞—Å—Ç–Ω–∞",0.86
"community.showMore",9,13,13,"0-30","OK","Show more","–ü–æ–∫–∞–∂–∏ –ø–æ–≤–µ—á–µ",1.44
"community.showLess",9,15,15,"0-30","OK","Show less","–ü–æ–∫–∞–∂–∏ –ø–æ-–º–∞–ª–∫–æ",1.67
"community.like",4,9,9,"0-30","OK","Like","–•–∞—Ä–µ—Å–≤–∞–Ω–µ",2.25
"community.liked",5,8,8,"0-30","OK","Liked","–•–∞—Ä–µ—Å–∞–Ω–æ",1.60
"community.comment",7,8,8,"0-30","OK","Comment","–ö–æ–º–µ–Ω—Ç–∞—Ä",1.14
"community.comments",8,9,9,"0-30","OK","Comments","–ö–æ–º–µ–Ω—Ç–∞—Ä–∏",1.13
"community.reply",5,7,7,"0-30","OK","Reply","–û—Ç–≥–æ–≤–æ—Ä",1.40
"community.replies",7,8,8,"0-30","OK","Replies","–û—Ç–≥–æ–≤–æ—Ä–∏",1.14
"community.share",5,7,7,"0-30","OK","Share","–°–ø–æ–¥–µ–ª–∏",1.40
"community.save",4,6,6,"0-30","OK","Save","–ó–∞–ø–∞–∑–∏",1.50
"community.saved",6,9,9,"0-30","OK","Saved!","–ó–∞–ø–∞–∑–µ–Ω–æ!",1.50
"community.unsaved",18,24,24,"0-30","OK","Removed from saved","–ü—Ä–µ–º–∞—Ö–Ω–∞—Ç–æ –æ—Ç –∑–∞–ø–∞–∑–µ–Ω–∏—Ç–µ",1.33
"community.linkCopied",24,31,31,"31-60","OK","Link copied to clipboard","–í—Ä—ä–∑–∫–∞—Ç–∞ –µ –∫–æ–ø–∏—Ä–∞–Ω–∞ –≤ –∫–ª–∏–ø–±–æ—Ä–¥–∞",1.29
"community.viewComments",13,15,15,"0-30","OK","View comments","–í–∏–∂—Ç–µ –∫–æ–º–µ–Ω—Ç–∞—Ä–∏",1.15
"community.writeComment",18,20,20,"0-30","OK","Write a comment...","–ù–∞–ø–∏—à–µ—Ç–µ –∫–æ–º–µ–Ω—Ç–∞—Ä...",1.11
"community.postComment",4,10,10,"0-30","OK","Post","–ü—É–±–ª–∏–∫—É–≤–∞–π",2.50
"community.deletePost",11,17,17,"0-30","OK","Delete Post","–ò–∑—Ç—Ä–∏–π –ü—É–±–ª–∏–∫–∞—Ü–∏—è",1.55
"community.editPost",9,21,21,"0-30","OK","Edit Post","–†–µ–¥–∞–∫—Ç–∏—Ä–∞–π –ü—É–±–ª–∏–∫–∞—Ü–∏—è",2.33
"community.reportPost",11,20,20,"0-30","OK","Report Post","–î–æ–∫–ª–∞–¥–≤–∞–π –ü—É–±–ª–∏–∫–∞—Ü–∏—è",1.82
"community.deleteConfirm",42,54,54,"31-60","OK","Are you sure you want to delete this post?","–°–∏–≥—É—Ä–Ω–∏ –ª–∏ —Å—Ç–µ, —á–µ –∏—Å–∫–∞—Ç–µ –¥–∞ –∏–∑—Ç—Ä–∏–µ—Ç–µ —Ç–∞–∑–∏ –ø—É–±–ª–∏–∫–∞...",1.29
"community.report",6,9,9,"0-30","OK","Report","–î–æ–∫–ª–∞–¥–≤–∞–π",1.50
"community.reportReason",17,21,21,"0-30","OK","Reason for report","–ü—Ä–∏—á–∏–Ω–∞ –∑–∞ –¥–æ–∫–ª–∞–¥–≤–∞–Ω–µ",1.24
"community.spam",4,4,4,"0-30","OK","Spam","–°–ø–∞–º",1.00
"community.harassment",10,6,10,"0-30","OK","Harassment","–¢–æ—Ä–º–æ–∑",0.60
"community.inappropriate",21,22,22,"0-30","OK","Inappropriate Content","–ù–µ–ø–æ–¥—Ö–æ–¥—è—â–æ –°—ä–¥—ä—Ä–∂–∞–Ω–∏–µ",1.05
"community.misleading",10,10,10,"0-30","OK","Misleading","–ü–æ–¥–≤–µ–∂–¥–∞—â–æ",1.00
"community.violence",8,7,8,"0-30","OK","Violence","–ù–∞—Å–∏–ª–∏–µ",0.88
"community.hateSpeech",11,13,13,"0-30","OK","Hate Speech","–†–µ—á –Ω–∞ –û–º—Ä–∞–∑–∞",1.18
"community.copyright",19,28,28,"0-30","OK","Copyright Violation","–ù–∞—Ä—É—à–∞–≤–∞–Ω–µ –Ω–∞ –ê–≤—Ç–æ—Ä—Å–∫–∏ –ü—Ä–∞–≤–∞",1.47
"community.other",5,5,5,"0-30","OK","Other","–î—Ä—É–≥–æ",1.00
"community.reportDescription",29,33,33,"31-60","OK","Additional details (optional)","–î–æ–ø—ä–ª–Ω–∏—Ç–µ–ª–Ω–∏ –¥–µ—Ç–∞–π–ª–∏ (–æ–ø—Ü–∏–æ–Ω–∞–ª–Ω–æ)",1.14
"community.reportSubmit",13,14,14,"0-30","OK","Submit Report","–ò–∑–ø—Ä–∞—Ç–∏ –î–æ–∫–ª–∞–¥",1.08
"community.reportSuccess",28,35,35,"31-60","OK","Report submitted. Thank you!","–î–æ–∫–ª–∞–¥—ä—Ç –µ –∏–∑–ø—Ä–∞—Ç–µ–Ω. –ë–ª–∞–≥–æ–¥–∞—Ä–∏–º –í–∏!",1.25
"community.trending",8,8,8,"0-30","OK","Trending","–ê–∫—Ç—É–∞–ª–Ω–æ",1.00
"community.explore",7,11,11,"0-30","OK","Explore","–†–∞–∑–≥–ª–µ–∂–¥–∞–Ω–µ",1.57
"community.topThisWeek",13,16,16,"0-30","OK","Top This Week","–¢–æ–ø –¢–∞–∑–∏ –°–µ–¥–º–∏—Ü–∞",1.23
"community.nearMe",7,16,16,"0-30","OK","Near Me","–í –ë–ª–∏–∑–æ—Å—Ç –¥–æ –ú–µ–Ω",2.29
"community.savedPosts",11,19,19,"0-30","OK","Saved Posts","–ó–∞–ø–∞–∑–µ–Ω–∏ –ü—É–±–ª–∏–∫–∞—Ü–∏–∏",1.73
"community.myPosts",8,16,16,"0-30","OK","My Posts","–ú–æ–∏—Ç–µ –ü—É–±–ª–∏–∫–∞—Ü–∏–∏",2.00
"community.noPosts",12,23,23,"0-30","OK","No posts yet","–í—Å–µ –æ—â–µ –Ω—è–º–∞ –ø—É–±–ª–∏–∫–∞—Ü–∏–∏",1.92
"community.noPostsDesc",32,35,35,"31-60","OK","Be the first to share something!","–ë—ä–¥–µ—Ç–µ –ø—ä—Ä–≤–∏—è—Ç, –∫–æ–π—Ç–æ —Å–ø–æ–¥–µ–ª—è –Ω–µ—â–æ!",1.09
"community.noSavedPosts",14,24,24,"0-30","OK","No saved posts","–ù—è–º–∞ –∑–∞–ø–∞–∑–µ–Ω–∏ –ø—É–±–ª–∏–∫–∞—Ü–∏–∏",1.71
"community.noSavedPostsDesc",34,49,49,"31-60","OK","Save posts to view them here later","–ó–∞–ø–∞–∑–µ—Ç–µ –ø—É–±–ª–∏–∫–∞—Ü–∏–∏, –∑–∞ –¥–∞ –≥–∏ –≤–∏–¥–∏—Ç–µ —Ç—É–∫ –ø–æ-–∫—ä—Å–Ω–æ",1.44
"community.follow",6,9,9,"0-30","OK","Follow","–ü–æ—Å–ª–µ–¥–≤–∞–π",1.50
"community.followingUser",9,9,9,"0-30","OK","Following","–ü–æ—Å–ª–µ–¥–≤–∞–Ω",1.00
"community.unfollow",8,12,12,"0-30","OK","Unfollow","–ù–µ –ø–æ—Å–ª–µ–¥–≤–∞–π",1.50
"community.followers",9,13,13,"0-30","OK","Followers","–ü–æ—Å–ª–µ–¥–æ–≤–∞—Ç–µ–ª–∏",1.44
"community.viewsCount",13,16,16,"0-30","OK","{count} views","{count} –ø—Ä–µ–≥–ª–µ–¥–∞",1.23
"community.likesCount",13,18,18,"0-30","OK","{count} likes","{count} —Ö–∞—Ä–µ—Å–≤–∞–Ω–∏—è",1.38
"community.commentsCount",16,17,17,"0-30","OK","{count} comments","{count} –∫–æ–º–µ–Ω—Ç–∞—Ä–∞",1.06
"community.draft",5,7,7,"0-30","OK","Draft","–ß–µ—Ä–Ω–æ–≤–∞",1.40
"community.drafts",6,7,7,"0-30","OK","Drafts","–ß–µ—Ä–Ω–æ–≤–∏",1.17
"community.saveDraft",10,14,14,"0-30","OK","Save Draft","–ó–∞–ø–∞–∑–∏ –ß–µ—Ä–Ω–æ–≤–∞",1.40
"community.draftSaved",11,20,20,"0-30","OK","Draft saved","–ß–µ—Ä–Ω–æ–≤–∞—Ç–∞ –µ –∑–∞–ø–∞–∑–µ–Ω–∞",1.82
"community.loadMore",9,13,13,"0-30","OK","Load More","–ó–∞—Ä–µ–¥–∏ –ü–æ–≤–µ—á–µ",1.44
"community.refreshFeed",12,13,13,"0-30","OK","Refresh Feed","–û–±–Ω–æ–≤–∏ –ü–æ—Ç–æ–∫–∞",1.08
"community.newPosts",19,26,26,"0-30","OK","New posts available","–ù–∞–ª–∏—á–Ω–∏ —Å–∞ –Ω–æ–≤–∏ –ø—É–±–ª–∏–∫–∞—Ü–∏–∏",1.37
"community.offline",58,68,68,"61-120","WARNING","You're offline. Posts will be uploaded when you re...","–û—Ñ–ª–∞–π–Ω —Å—Ç–µ. –ü—É–±–ª–∏–∫–∞—Ü–∏–∏—Ç–µ —â–µ –±—ä–¥–∞—Ç –∫–∞—á–µ–Ω–∏, –∫–æ–≥–∞—Ç–æ —Å...",1.17
"community.uploading",12,10,12,"0-30","OK","Uploading...","–ö–∞—á–≤–∞–Ω–µ...",0.83
"community.posted",6,11,11,"0-30","OK","Posted","–ü—É–±–ª–∏–∫—É–≤–∞–Ω–æ",1.83
"community.justNow",8,7,8,"0-30","OK","Just now","–¢–æ–∫—É —â–æ",0.88
"community.commentsLoadError",23,32,32,"31-60","OK","Failed to load comments","–ù–µ—É—Å–ø–µ—à–Ω–æ –∑–∞—Ä–µ–∂–¥–∞–Ω–µ –Ω–∞ –∫–æ–º–µ–Ω—Ç–∞—Ä–∏",1.39
"community.commentPosted",15,24,24,"0-30","OK","Comment posted!","–ö–æ–º–µ–Ω—Ç–∞—Ä—ä—Ç –µ –ø—É–±–ª–∏–∫—É–≤–∞–Ω!",1.60
"community.commentError",22,33,33,"31-60","OK","Failed to post comment","–ù–µ—É—Å–ø–µ—à–Ω–æ –ø—É–±–ª–∏–∫—É–≤–∞–Ω–µ –Ω–∞ –∫–æ–º–µ–Ω—Ç–∞—Ä",1.50
"community.noComments",15,22,22,"0-30","OK","No comments yet","–í—Å–µ –æ—â–µ –Ω—è–º–∞ –∫–æ–º–µ–Ω—Ç–∞—Ä–∏",1.47
"community.beFirst",36,41,41,"31-60","OK","Be the first to share your thoughts!","–ë—ä–¥–µ—Ç–µ –ø—ä—Ä–≤–∏—è—Ç, –∫–æ–π—Ç–æ —Å–ø–æ–¥–µ–ª—è –º–∏—Å–ª–∏—Ç–µ —Å–∏!",1.14
"community.replyingTo",11,13,13,"0-30","OK","Replying to","–û—Ç–≥–æ–≤–∞—Ä—è—Ç–µ –Ω–∞",1.18
"community.replyPlaceholder",16,19,19,"0-30","OK","Write a reply...","–ù–∞–ø–∏—à–µ—Ç–µ –æ—Ç–≥–æ–≤–æ—Ä...",1.19
"community.commentPlaceholder",18,20,20,"0-30","OK","Write a comment...","–ù–∞–ø–∏—à–µ—Ç–µ –∫–æ–º–µ–Ω—Ç–∞—Ä...",1.11
"community.author",6,5,6,"0-30","OK","Author","–ê–≤—Ç–æ—Ä",0.83
"community.postPlaceholder",33,36,36,"31-60","OK","Share an update about your pet...","–°–ø–æ–¥–µ–ª–µ—Ç–µ –Ω–æ–≤–∏–Ω–∞ –∑–∞ –≤–∞—à–∏—è –ª—é–±–∏–º–µ—Ü...",1.09
"community.postCreated",26,33,33,"31-60","OK","Post created successfully!","–ü—É–±–ª–∏–∫–∞—Ü–∏—è—Ç–∞ –µ —Å—ä–∑–¥–∞–¥–µ–Ω–∞ —É—Å–ø–µ—à–Ω–æ!",1.27
"community.postFailed",21,33,33,"31-60","OK","Failed to create post","–ù–µ—É—Å–ø–µ—à–Ω–æ —Å—ä–∑–¥–∞–≤–∞–Ω–µ –Ω–∞ –ø—É–±–ª–∏–∫–∞—Ü–∏—è",1.57
"community.tags",4,7,7,"0-30","OK","Tags","–ï—Ç–∏–∫–µ—Ç–∏",1.75
"community.addTag",7,13,13,"0-30","OK","Add Tag","–î–æ–±–∞–≤–∏ –ï—Ç–∏–∫–µ—Ç",1.86
"community.maxTagsReached",30,37,37,"31-60","OK","Maximum number of tags reached","–î–æ—Å—Ç–∏–≥–Ω–∞—Ç –µ –º–∞–∫—Å–∏–º–∞–ª–Ω–∏—è—Ç –±—Ä–æ–π –µ—Ç–∏–∫–µ—Ç–∏",1.23
"community.maxImagesReached",32,41,41,"31-60","OK","Maximum number of images reached","–î–æ—Å—Ç–∏–≥–Ω–∞—Ç –µ –º–∞–∫—Å–∏–º–∞–ª–Ω–∏—è—Ç –±—Ä–æ–π –∏–∑–æ–±—Ä–∞–∂–µ–Ω–∏—è",1.28
"community.imageAdded",11,24,24,"0-30","OK","Image added","–ò–∑–æ–±—Ä–∞–∂–µ–Ω–∏–µ—Ç–æ –µ –¥–æ–±–∞–≤–µ–Ω–æ",2.18
"community.charsRemaining",20,14,20,"0-30","OK","characters remaining","–æ—Å—Ç–∞–Ω–∞–ª–∏ –∑–Ω–∞–∫–∞",0.70
"community.visibilityPublic",6,8,8,"0-30","OK","Public","–ü—É–±–ª–∏—á–Ω–∞",1.33
"community.visibilityMatches",12,15,15,"0-30","OK","Matches Only","–°–∞–º–æ –°—ä–≤–ø–∞–¥–µ–Ω–∏—è",1.25
"community.visibilityPrivate",7,6,7,"0-30","OK","Private","–ß–∞—Å—Ç–Ω–∞",0.86
"community.noFollowingPosts",28,29,29,"0-30","OK","No posts from followed users","–ù—è–º–∞ –ø—É–±–ª–∏–∫–∞—Ü–∏–∏ –æ—Ç –ø–æ—Å–ª–µ–¥–≤–∞–Ω–∏",1.04
"community.endOfFeed",11,14,14,"0-30","OK","End of feed","–ö—Ä–∞–π –Ω–∞ –ø–æ—Ç–æ–∫–∞",1.27
"community.mediaNotAvailable",19,20,20,"0-30","OK","Media not available","–ú–µ–¥–∏—è—Ç–∞ –Ω–µ –µ –Ω–∞–ª–∏—á–Ω–∞",1.05
"community.tapToZoom",11,24,24,"0-30","OK","Tap to zoom","–î–æ–∫–æ—Å–Ω–µ—Ç–µ –∑–∞ —É–≤–µ–ª–∏—á–∞–≤–∞–Ω–µ",2.18
"community.tapToZoomOut",15,23,23,"0-30","OK","Tap to zoom out","–î–æ–∫–æ—Å–Ω–µ—Ç–µ –∑–∞ –Ω–∞–º–∞–ª—è–≤–∞–Ω–µ",1.53
"community.downloadError",14,20,20,"0-30","OK","Download error","–ì—Ä–µ—à–∫–∞ –ø—Ä–∏ –∏–∑—Ç–µ–≥–ª—è–Ω–µ",1.43
"community.downloaded",10,9,10,"0-30","OK","Downloaded","–ò–∑—Ç–µ–≥–ª–µ–Ω–æ",0.90
"adoption.title",8,11,11,"0-30","OK","Adoption","–û—Å–∏–Ω–æ–≤—è–≤–∞–Ω–µ",1.38
"adoption.subtitle",27,32,32,"31-60","OK","Find your perfect companion","–ù–∞–º–µ—Ä–µ—Ç–µ –≤–∞—à–∏—è –ø–µ—Ä—Ñ–µ–∫—Ç–µ–Ω —Å–ø—ä—Ç–Ω–∏–∫",1.19
"adoption.available",9,7,9,"0-30","OK","Available","–ù–∞–ª–∏—á–µ–Ω",0.78
"adoption.pending",7,10,10,"0-30","OK","Pending","–í –æ—á–∞–∫–≤–∞–Ω–µ",1.43
"adoption.adopted",7,8,8,"0-30","OK","Adopted","–û—Å–∏–Ω–æ–≤–µ–Ω",1.14
"adoption.onHold",7,10,10,"0-30","OK","On Hold","–†–µ–∑–µ—Ä–≤–∏—Ä–∞–Ω",1.43
"adoption.vaccinated",10,10,10,"0-30","OK","Vaccinated","–í–∞–∫—Å–∏–Ω–∏—Ä–∞–Ω",1.00
"adoption.spayedNeutered",15,22,22,"0-30","OK","Spayed/Neutered","–ö–∞—Å—Ç—Ä–∏—Ä–∞–Ω/–°—Ç–µ—Ä–∏–ª–∏–∑–∏—Ä–∞–Ω",1.47
"adoption.goodWithKids",14,12,14,"0-30","OK","Good with kids","–î–æ–±—ä—Ä —Å –¥–µ—Ü–∞",0.86
"adoption.goodWithPets",14,21,21,"0-30","OK","Good with pets","–î–æ–±—ä—Ä —Å –¥—Ä—É–≥–∏ –ª—é–±–∏–º—Ü–∏",1.50
"adoption.adoptionFee",12,20,20,"0-30","OK","Adoption Fee","–¢–∞–∫—Å–∞ –∑–∞ –æ—Å–∏–Ω–æ–≤—è–≤–∞–Ω–µ",1.67
"adoption.viewDetails",12,11,12,"0-30","OK","View Details","–í–∏–∂ –î–µ—Ç–∞–π–ª–∏",0.92
"adoption.about",5,2,5,"0-30","OK","About","–ó–∞",0.40
"adoption.details",7,7,7,"0-30","OK","Details","–î–µ—Ç–∞–π–ª–∏",1.00
"adoption.personality",11,7,11,"0-30","OK","Personality","–õ–∏—á–Ω–æ—Å—Ç",0.64
"adoption.specialNeeds",13,15,15,"0-30","OK","Special Needs","–°–ø–µ—Ü–∏–∞–ª–Ω–∏ –ù—É–∂–¥–∏",1.15
"adoption.shelter",19,19,19,"0-30","OK","Shelter Information","–ò–Ω—Ñ–æ—Ä–º–∞—Ü–∏—è –∑–∞ –ø—Ä–∏—é—Ç",1.00
"adoption.applyToAdopt",14,28,28,"0-30","OK","Apply to Adopt","–ö–∞–Ω–¥–∏–¥–∞—Ç—Å—Ç–≤–∞–π –∑–∞ –û—Å–∏–Ω–æ–≤—è–≤–∞–Ω–µ",2.00
"adoption.notAvailable",13,12,13,"0-30","OK","Not Available","–ù–µ –µ –Ω–∞–ª–∏—á–µ–Ω",0.92
"adoption.yes",3,2,3,"0-30","OK","Yes","–î–∞",0.67
"adoption.no",2,2,2,"0-30","OK","No","–ù–µ",1.00
"adoption.age",3,7,7,"0-30","OK","Age","–í—ä–∑—Ä–∞—Å—Ç",2.33
"adoption.size",4,6,6,"0-30","OK","Size","–†–∞–∑–º–µ—Ä",1.50
"adoption.energy",6,7,7,"0-30","OK","Energy","–ï–Ω–µ—Ä–≥–∏—è",1.17
"adoption.gender",6,3,6,"0-30","OK","Gender","–ü–æ–ª",0.50
"adoption.noProfiles",30,35,35,"31-60","OK","No pets available for adoption","–ù—è–º–∞ –Ω–∞–ª–∏—á–Ω–∏ –ª—é–±–∏–º—Ü–∏ –∑–∞ –æ—Å–∏–Ω–æ–≤—è–≤–∞–Ω–µ",1.17
"adoption.noProfilesDesc",57,51,57,"31-60","OK","Check back soon for pets looking for their forever...","–ü—Ä–æ–≤–µ—Ä–µ—Ç–µ —Å–∫–æ—Ä–æ –∑–∞ –ª—é–±–∏–º—Ü–∏, —Ç—ä—Ä—Å–µ—â–∏ —Å–≤–æ—è –≤–µ—á–µ–Ω –¥–æ–º...",0.89
"adoption.endOfList",34,34,34,"31-60","OK","You've seen all available pets! üêæ","–í–∏–¥—è—Ö—Ç–µ –≤—Å–∏—á–∫–∏ –Ω–∞–ª–∏—á–Ω–∏ –ª—é–±–∏–º—Ü–∏! üêæ",1.00
"adoption.applicationDesc",104,104,104,"61-120","WARNING","Fill out this application to express your interest...","–ü–æ–ø—ä–ª–Ω–µ—Ç–µ —Ç–∞–∑–∏ –∑–∞—è–≤–∫–∞, –∑–∞ –¥–∞ –∏–∑—Ä–∞–∑–∏—Ç–µ –∏–Ω—Ç–µ—Ä–µ—Å –∫—ä–º ...",1.00
"adoption.contactInfo",19,21,21,"0-30","OK","Contact Information","–ò–Ω—Ñ–æ—Ä–º–∞—Ü–∏—è –∑–∞ –ö–æ–Ω—Ç–∞–∫—Ç",1.11
"adoption.fullName",9,9,9,"0-30","OK","Full Name","–ü—ä–ª–Ω–æ –ò–º–µ",1.00
"adoption.email",5,5,5,"0-30","OK","Email","–ò–º–µ–π–ª",1.00
"adoption.phone",12,15,15,"0-30","OK","Phone Number","–¢–µ–ª–µ—Ñ–æ–Ω–µ–Ω –ù–æ–º–µ—Ä",1.25
"adoption.householdInfo",21,27,27,"0-30","OK","Household Information","–ò–Ω—Ñ–æ—Ä–º–∞—Ü–∏—è –∑–∞ –î–æ–º–∞–∫–∏–Ω—Å—Ç–≤–æ—Ç–æ",1.29
"adoption.householdType",14,15,15,"0-30","OK","Household Type","–¢–∏–ø –î–æ–º–∞–∫–∏–Ω—Å—Ç–≤–æ",1.07
"adoption.house",5,4,5,"0-30","OK","House","–ö—ä—â–∞",0.80
"adoption.apartment",9,10,10,"0-30","OK","Apartment","–ê–ø–∞—Ä—Ç–∞–º–µ–Ω—Ç",1.11
"adoption.condo",5,10,10,"0-30","OK","Condo","–ê–ø–∞—Ä—Ç–∞–º–µ–Ω—Ç",2.00
"adoption.other",5,5,5,"0-30","OK","Other","–î—Ä—É–≥–æ",1.00
"adoption.hasYard",13,9,13,"0-30","OK","I have a yard","–ò–º–∞–º –¥–≤–æ—Ä",0.69
"adoption.hasOtherPets",17,18,18,"0-30","OK","I have other pets","–ò–º–∞–º –¥—Ä—É–≥–∏ –ª—é–±–∏–º—Ü–∏",1.06
"adoption.describeOtherPets",27,31,31,"31-60","OK","Describe your other pets...","–û–ø–∏—à–µ—Ç–µ –≤–∞—à–∏—Ç–µ –¥—Ä—É–≥–∏ –ª—é–±–∏–º—Ü–∏...",1.15
"adoption.hasChildren",15,9,15,"0-30","OK","I have children","–ò–º–∞–º –¥–µ—Ü–∞",0.60
"adoption.childrenAges",19,21,21,"0-30","OK","Ages of children...","–í—ä–∑—Ä–∞—Å—Ç–∏ –Ω–∞ –¥–µ—Ü–∞—Ç–∞...",1.11
"adoption.additionalInfo",22,23,23,"0-30","OK","Additional Information","–î–æ–ø—ä–ª–Ω–∏—Ç–µ–ª–Ω–∞ –ò–Ω—Ñ–æ—Ä–º–∞—Ü–∏—è",1.05
"adoption.petExperience",24,22,24,"0-30","OK","Pet ownership experience","–û–ø–∏—Ç —Å –¥–æ–º–∞—à–Ω–∏ –ª—é–±–∏–º—Ü–∏",0.92
"adoption.experiencePlaceholder",42,39,42,"31-60","OK","Tell us about your experience with pets...","–†–∞–∑–∫–∞–∂–µ—Ç–µ –Ω–∏ –∑–∞ –≤–∞—à–∏—è –æ–ø–∏—Ç —Å –ª—é–±–∏–º—Ü–∏...",0.93
"adoption.whyAdopt",34,38,38,"31-60","OK","Why do you want to adopt this pet?","–ó–∞—â–æ –∏—Å–∫–∞—Ç–µ –¥–∞ –æ—Å–∏–Ω–æ–≤–∏—Ç–µ —Ç–æ–∑–∏ –ª—é–±–∏–º–µ—Ü?",1.12
"adoption.reasonPlaceholder",32,40,40,"31-60","OK","Tell us why you want to adopt...","–†–∞–∑–∫–∞–∂–µ—Ç–µ –Ω–∏ –∑–∞—â–æ –∏—Å–∫–∞—Ç–µ –¥–∞ –æ—Å–∏–Ω–æ–≤–∏—Ç–µ...",1.25
"adoption.submitApplication",18,14,18,"0-30","OK","Submit Application","–ò–∑–ø—Ä–∞—Ç–∏ –ó–∞—è–≤–∫–∞",0.78
"adoption.applicationSubmitted",22,21,22,"0-30","OK","Application Submitted!","–ó–∞—è–≤–∫–∞—Ç–∞ –µ –∏–∑–ø—Ä–∞—Ç–µ–Ω–∞!",0.95
"adoption.applicationSubmittedDesc",62,61,62,"61-120","WARNING","The shelter will review your application and conta...","–ü—Ä–∏—é—Ç—ä—Ç —â–µ –ø—Ä–µ–≥–ª–µ–¥–∞ –≤–∞—à–∞—Ç–∞ –∑–∞—è–≤–∫–∞ –∏ —â–µ —Å–µ —Å–≤—ä—Ä–∂–µ —Å...",0.98
"adoption.applicationFailed",47,55,55,"31-60","OK","Failed to submit application. Please try again.","–ù–µ—É—Å–ø–µ—à–Ω–æ –∏–∑–ø—Ä–∞—â–∞–Ω–µ –Ω–∞ –∑–∞—è–≤–∫–∞—Ç–∞. –ú–æ–ª—è, –æ–ø–∏—Ç–∞–π—Ç–µ –æ—Ç...",1.17
"adoption.fillRequired",34,42,42,"31-60","OK","Please fill in all required fields","–ú–æ–ª—è, –ø–æ–ø—ä–ª–Ω–µ—Ç–µ –≤—Å–∏—á–∫–∏ –∑–∞–¥—ä–ª–∂–∏—Ç–µ–ª–Ω–∏ –ø–æ–ª–µ—Ç–∞",1.24